"","age_group","is_female","category","n_yes","prop_yes","fi"
"1","[40,45)",0,"CAD",6878,0.0229179578426864,"vafi"
"2","[40,45)",1,"CAD",15285,0.0468459798579143,"vafi"
"3","[45,50)",0,"CAD",12144,0.0398745710955328,"vafi"
"4","[45,50)",1,"CAD",20506,0.0613071035637407,"vafi"
"5","[50,55)",1,"CAD",26892,0.0748228341527341,"vafi"
"6","[50,55)",0,"CAD",21323,0.0651129697658156,"vafi"
"7","[55,60)",0,"CAD",36463,0.104807648086829,"vafi"
"8","[55,60)",1,"CAD",35924,0.0937319803894454,"vafi"
"9","[60,65)",0,"CAD",53755,0.1571705500019,"vafi"
"10","[60,65)",1,"CAD",47497,0.124119350252958,"vafi"
"11","[65,70)",1,"CAD",61454,0.194649005280045,"vafi"
"12","[65,70)",0,"CAD",67457,0.242280686001616,"vafi"
"13","[70,75)",0,"CAD",70658,0.351292899864272,"vafi"
"14","[70,75)",1,"CAD",70345,0.288683697547963,"vafi"
"15","[75,80)",0,"CAD",68787,0.45580566286536,"vafi"
"16","[75,80)",1,"CAD",70232,0.377520359072218,"vafi"
"17","[80,100]",1,"CAD",132272,0.449423237007968,"vafi"
"18","[80,100]",0,"CAD",105246,0.551447703480147,"vafi"
"19","[40,45)",1,"Dementia",5045,0.0154388048008716,"vafi"
"20","[40,45)",0,"Dementia",6316,0.0210488429135118,"vafi"
"21","[45,50)",1,"Dementia",5733,0.0171031709332609,"vafi"
"22","[45,50)",0,"Dementia",6607,0.0216820577444359,"vafi"
"23","[50,55)",1,"Dementia",6669,0.0185076747600163,"vafi"
"24","[50,55)",0,"Dementia",7612,0.0232077416050294,"vafi"
"25","[55,60)",1,"Dementia",8084,0.0210267307907393,"vafi"
"26","[55,60)",0,"Dementia",8982,0.0257262908256644,"vafi"
"27","[60,65)",0,"Dementia",9821,0.0285708467397059,"vafi"
"28","[60,65)",1,"Dementia",8836,0.0229898814340316,"vafi"
"29","[65,70)",1,"Dementia",10909,0.0343106419917722,"vafi"
"30","[65,70)",0,"Dementia",11452,0.0407897220728245,"vafi"
"31","[70,75)",0,"Dementia",12755,0.0632039522910504,"vafi"
"32","[70,75)",1,"Dementia",14040,0.0574404627966632,"vafi"
"33","[75,80)",0,"Dementia",15535,0.102676122431445,"vafi"
"34","[75,80)",1,"Dementia",18650,0.100021988748197,"vafi"
"35","[80,100]",0,"Dementia",38900,0.203507229999791,"vafi"
"36","[80,100]",1,"Dementia",72381,0.245714149924976,"vafi"
"37","[40,45)",1,"Osteo",930,0.00284302816126389,"vafi"
"38","[40,45)",0,"Osteo",746,0.00248304969095018,"vafi"
"39","[45,50)",0,"Osteo",847,0.00277621176563135,"vafi"
"40","[45,50)",1,"Osteo",1760,0.00524624565545282,"vafi"
"41","[50,55)",1,"Osteo",4042,0.0112104949314252,"vafi"
"42","[50,55)",0,"Osteo",1188,0.00361734131503145,"vafi"
"43","[55,60)",1,"Osteo",10558,0.027458752054595,"vafi"
"44","[55,60)",0,"Osteo",1734,0.00496073466935588,"vafi"
"45","[60,65)",1,"Osteo",20312,0.0528963843373369,"vafi"
"46","[60,65)",0,"Osteo",2319,0.00673712711933343,"vafi"
"47","[65,70)",1,"Osteo",31406,0.0990175801447777,"vafi"
"48","[65,70)",0,"Osteo",3093,0.0109975288449572,"vafi"
"49","[70,75)",0,"Osteo",3689,0.0182614722043463,"vafi"
"50","[70,75)",1,"Osteo",33683,0.137858633814922,"vafi"
"51","[75,80)",1,"Osteo",31102,0.166788219395525,"vafi"
"52","[75,80)",0,"Osteo",4185,0.027631240137595,"vafi"
"53","[80,100]",1,"Osteo",59555,0.201984744733745,"vafi"
"54","[80,100]",0,"Osteo",8502,0.0444221515118266,"vafi"
"55","[40,45)",1,"PVD",10463,0.0320379936371069,"vafi"
"56","[40,45)",0,"PVD",11106,0.0370408663547132,"vafi"
"57","[45,50)",0,"PVD",17507,0.0575452782434342,"vafi"
"58","[45,50)",1,"PVD",15591,0.046570882370512,"vafi"
"59","[50,55)",1,"PVD",21841,0.0607416595285506,"vafi"
"60","[50,55)",0,"PVD",25520,0.0780048844751329,"vafi"
"61","[55,60)",0,"PVD",35767,0.10283192455868,"vafi"
"62","[55,60)",1,"PVD",29885,0.0779462969966485,"vafi"
"63","[60,65)",1,"PVD",36100,0.094243079268611,"vafi"
"64","[60,65)",0,"PVD",43804,0.127971112721154,"vafi"
"65","[65,70)",1,"PVD",42646,0.134739941738861,"vafi"
"66","[65,70)",0,"PVD",51077,0.183028387549899,"vafi"
"67","[70,75)",0,"PVD",49447,0.24572257753527,"vafi"
"68","[70,75)",1,"PVD",45077,0.184862266805008,"vafi"
"69","[75,80)",1,"PVD",42958,0.23082544356442,"vafi"
"70","[75,80)",0,"PVD",46012,0.30469101793235,"vafi"
"71","[80,100]",1,"PVD",95271,0.323567869745516,"vafi"
"72","[80,100]",0,"PVD",72659,0.38057301487534,"vafi"
"73","[40,45)",1,"Ischaemic heart disease",2806,0.00858048871479202,"efragicap"
"74","[40,45)",0,"Ischaemic heart disease",3831,0.0127573277211303,"efragicap"
"75","[45,50)",1,"Ischaemic heart disease",4915,0.0146581213149662,"efragicap"
"76","[45,50)",0,"Ischaemic heart disease",7664,0.0251454294310453,"efragicap"
"77","[50,55)",1,"Ischaemic heart disease",7988,0.0221687522722416,"efragicap"
"78","[50,55)",0,"Ischaemic heart disease",14604,0.0445525072225459,"efragicap"
"79","[55,60)",1,"Ischaemic heart disease",12889,0.033538029195181,"efragicap"
"80","[55,60)",0,"Ischaemic heart disease",25166,0.0722204206496566,"efragicap"
"81","[60,65)",0,"Ischaemic heart disease",37556,0.109599115175958,"efragicap"
"82","[60,65)",1,"Ischaemic heart disease",18475,0.0481221299284484,"efragicap"
"83","[65,70)",1,"Ischaemic heart disease",24295,0.0765416229533504,"efragicap"
"84","[65,70)",0,"Ischaemic heart disease",46833,0.167657103580608,"efragicap"
"85","[70,75)",1,"Ischaemic heart disease",28588,0.117056952047923,"efragicap"
"86","[70,75)",0,"Ischaemic heart disease",49079,0.243689175769613,"efragicap"
"87","[75,80)",0,"Ischaemic heart disease",48452,0.320763710510288,"efragicap"
"88","[75,80)",1,"Ischaemic heart disease",30023,0.161091794904814,"efragicap"
"89","[80,100]",1,"Ischaemic heart disease",65293,0.221562778891932,"efragicap"
"90","[80,100]",0,"Ischaemic heart disease",76647,0.401301597939224,"efragicap"
"91","[40,45)",0,"Memory & cognitive problems",224,0.000745483832319387,"efragicap"
"92","[40,45)",1,"Memory & cognitive problems",306,0.000935339320320094,"efragicap"
"93","[45,50)",0,"Memory & cognitive problems",344,0.00112744375071694,"efragicap"
"94","[45,50)",1,"Memory & cognitive problems",481,0.00143354861398798,"efragicap"
"95","[50,55)",0,"Memory & cognitive problems",556,0.00169285105346486,"efragicap"
"96","[50,55)",1,"Memory & cognitive problems",666,0.00184643535396942,"efragicap"
"97","[55,60)",0,"Memory & cognitive problems",1018,0.00291214921188889,"efragicap"
"98","[55,60)",1,"Memory & cognitive problems",1206,0.00313355003156935,"efragicap"
"99","[60,65)",0,"Memory & cognitive problems",1811,0.00526110904527285,"efragicap"
"100","[60,65)",1,"Memory & cognitive problems",1952,0.0050739781860528,"efragicap"
"101","[65,70)",0,"Memory & cognitive problems",3451,0.0122726658463552,"efragicap"
"102","[65,70)",1,"Memory & cognitive problems",3781,0.0118770516263802,"efragicap"
"103","[70,75)",0,"Memory & cognitive problems",5685,0.0281510898953185,"efragicap"
"104","[70,75)",1,"Memory & cognitive problems",6958,0.0284465594708073,"efragicap"
"105","[75,80)",1,"Memory & cognitive problems",11809,0.0633017244614073,"efragicap"
"106","[75,80)",0,"Memory & cognitive problems",9041,0.0597278192508423,"efragicap"
"107","[80,100]",1,"Memory & cognitive problems",58329,0.19793274989735,"efragicap"
"108","[80,100]",0,"Memory & cognitive problems",29376,0.153628918384637,"efragicap"
"109","[40,45)",1,"Osteoporosis",896,0.00273904763069323,"efragicap"
"110","[40,45)",0,"Osteoporosis",692,0.00230328084382624,"efragicap"
"111","[45,50)",0,"Osteoporosis",763,0.00250081940347427,"efragicap"
"112","[45,50)",1,"Osteoporosis",1695,0.00505244708344139,"efragicap"
"113","[50,55)",1,"Osteoporosis",3944,0.0109384793738664,"efragicap"
"114","[50,55)",0,"Osteoporosis",1085,0.00330369648620669,"efragicap"
"115","[55,60)",1,"Osteoporosis",10392,0.0270265350015994,"efragicap"
"116","[55,60)",0,"Osteoporosis",1607,0.00459733943641825,"efragicap"
"117","[60,65)",1,"Osteoporosis",20087,0.0523085336319367,"efragicap"
"118","[60,65)",0,"Osteoporosis",2096,0.00608907597691032,"efragicap"
"119","[65,70)",1,"Osteoporosis",31111,0.0980806940775163,"efragicap"
"120","[65,70)",0,"Osteoporosis",2852,0.0101401920663308,"efragicap"
"121","[70,75)",0,"Osteoporosis",3374,0.0167013993733263,"efragicap"
"122","[70,75)",1,"Osteoporosis",33312,0.136336289632761,"efragicap"
"123","[75,80)",1,"Osteoporosis",30644,0.164332139256526,"efragicap"
"124","[75,80)",0,"Osteoporosis",3862,0.025498144749178,"efragicap"
"125","[80,100]",1,"Osteoporosis",58114,0.197090812897012,"efragicap"
"126","[80,100]",0,"Osteoporosis",7685,0.0401529836514397,"efragicap"
"127","[40,45)",0,"Peripheral vascular disease",2144,0.00713829107180908,"efragicap"
"128","[40,45)",1,"Peripheral vascular disease",2896,0.00885542960759072,"efragicap"
"129","[45,50)",0,"Peripheral vascular disease",3761,0.0123336142638364,"efragicap"
"130","[45,50)",1,"Peripheral vascular disease",4360,0.0130015357318582,"efragicap"
"131","[50,55)",1,"Peripheral vascular disease",6413,0.0177935745579352,"efragicap"
"132","[50,55)",0,"Peripheral vascular disease",6247,0.0190356915407422,"efragicap"
"133","[55,60)",0,"Peripheral vascular disease",11076,0.0317300254963188,"efragicap"
"134","[55,60)",1,"Peripheral vascular disease",9639,0.0250706159584263,"efragicap"
"135","[60,65)",0,"Peripheral vascular disease",16370,0.0476496802493967,"efragicap"
"136","[60,65)",1,"Peripheral vascular disease",13118,0.034143053093775,"efragicap"
"137","[65,70)",0,"Peripheral vascular disease",23607,0.0842135679198639,"efragicap"
"138","[65,70)",1,"Peripheral vascular disease",18267,0.057510491800182,"efragicap"
"139","[70,75)",1,"Peripheral vascular disease",22643,0.0926799119166319,"efragicap"
"140","[70,75)",0,"Peripheral vascular disease",26366,0.130767513949163,"efragicap"
"141","[75,80)",1,"Peripheral vascular disease",24286,0.130295990686246,"efragicap"
"142","[75,80)",0,"Peripheral vascular disease",27523,0.182037646996574,"efragicap"
"143","[80,100]",0,"Peripheral vascular disease",50432,0.263941006840318,"efragicap"
"144","[80,100]",1,"Peripheral vascular disease",68069,0.230983535352164,"efragicap"
